tax_id,parent_id,rank,tax_name,root,rank_0,rank_1,rank_2,rank_3,rank_4,rank_5,rank_6,rank_7,rank_8
Root,Root,root,Root,Root,,,,,,,,,
nucleus,Root,rank_0,nucleus,Root,nucleus,,,,,,,,
Eukaryota,nucleus,rank_1,Eukaryota,Root,nucleus,Eukaryota,,,,,,,
Stramenopiles,Eukaryota,rank_2,Stramenopiles,Root,nucleus,Eukaryota,Stramenopiles,,,,,,
Ochrophyta,Stramenopiles,rank_3,Ochrophyta,Root,nucleus,Eukaryota,Stramenopiles,Ochrophyta,,,,,
Chrysophyceae,Ochrophyta,rank_4,Chrysophyceae,Root,nucleus,Eukaryota,Stramenopiles,Ochrophyta,Chrysophyceae,,,,
Chrysophyceae_X,Chrysophyceae,rank_5,Chrysophyceae_X,Root,nucleus,Eukaryota,Stramenopiles,Ochrophyta,Chrysophyceae,Chrysophyceae_X,,,
Chrysophyceae_Clade_C,Chrysophyceae_X,rank_6,Chrysophyceae_Clade_C,Root,nucleus,Eukaryota,Stramenopiles,Ochrophyta,Chrysophyceae,Chrysophyceae_X,Chrysophyceae_Clade_C,,
Ochromonas,Chrysophyceae_Clade_C,rank_7,Ochromonas,Root,nucleus,Eukaryota,Stramenopiles,Ochrophyta,Chrysophyceae,Chrysophyceae_X,Chrysophyceae_Clade_C,Ochromonas,
Ochromonas_sp.,Ochromonas,rank_8,Ochromonas_sp.,Root,nucleus,Eukaryota,Stramenopiles,Ochrophyta,Chrysophyceae,Chrysophyceae_X,Chrysophyceae_Clade_C,Ochromonas,Ochromonas_sp.
Raphidophyceae,Ochrophyta,rank_4,Raphidophyceae,Root,nucleus,Eukaryota,Stramenopiles,Ochrophyta,Raphidophyceae,,,,
Raphidophyceae_X,Raphidophyceae,rank_5,Raphidophyceae_X,Root,nucleus,Eukaryota,Stramenopiles,Ochrophyta,Raphidophyceae,Raphidophyceae_X,,,
Raphidophyceae_XX,Raphidophyceae_X,rank_6,Raphidophyceae_XX,Root,nucleus,Eukaryota,Stramenopiles,Ochrophyta,Raphidophyceae,Raphidophyceae_X,Raphidophyceae_XX,,
Heterosigma,Raphidophyceae_XX,rank_7,Heterosigma,Root,nucleus,Eukaryota,Stramenopiles,Ochrophyta,Raphidophyceae,Raphidophyceae_X,Raphidophyceae_XX,Heterosigma,
Heterosigma_akashiwo,Heterosigma,rank_8,Heterosigma_akashiwo,Root,nucleus,Eukaryota,Stramenopiles,Ochrophyta,Raphidophyceae,Raphidophyceae_X,Raphidophyceae_XX,Heterosigma,Heterosigma_akashiwo
Dictyochophyceae,Ochrophyta,rank_4,Dictyochophyceae,Root,nucleus,Eukaryota,Stramenopiles,Ochrophyta,Dictyochophyceae,,,,
Dictyochophyceae_X,Dictyochophyceae,rank_5,Dictyochophyceae_X,Root,nucleus,Eukaryota,Stramenopiles,Ochrophyta,Dictyochophyceae,Dictyochophyceae_X,,,
Florenciellales,Dictyochophyceae_X,rank_6,Florenciellales,Root,nucleus,Eukaryota,Stramenopiles,Ochrophyta,Dictyochophyceae,Dictyochophyceae_X,Florenciellales,,
Florenciella,Florenciellales,rank_7,Florenciella,Root,nucleus,Eukaryota,Stramenopiles,Ochrophyta,Dictyochophyceae,Dictyochophyceae_X,Florenciellales,Florenciella,
Florenciella_parvula,Florenciella,rank_8,Florenciella_parvula,Root,nucleus,Eukaryota,Stramenopiles,Ochrophyta,Dictyochophyceae,Dictyochophyceae_X,Florenciellales,Florenciella,Florenciella_parvula
Archaeplastida,Eukaryota,rank_2,Archaeplastida,Root,nucleus,Eukaryota,Archaeplastida,,,,,,
Rhodophyta,Archaeplastida,rank_3,Rhodophyta,Root,nucleus,Eukaryota,Archaeplastida,Rhodophyta,,,,,
Florideophyceae,Rhodophyta,rank_4,Florideophyceae,Root,nucleus,Eukaryota,Archaeplastida,Rhodophyta,Florideophyceae,,,,
Gracilariales,Florideophyceae,rank_5,Gracilariales,Root,nucleus,Eukaryota,Archaeplastida,Rhodophyta,Florideophyceae,Gracilariales,,,
Gracilariales_X,Gracilariales,rank_6,Gracilariales_X,Root,nucleus,Eukaryota,Archaeplastida,Rhodophyta,Florideophyceae,Gracilariales,Gracilariales_X,,
Gracilaria,Gracilariales_X,rank_7,Gracilaria,Root,nucleus,Eukaryota,Archaeplastida,Rhodophyta,Florideophyceae,Gracilariales,Gracilariales_X,Gracilaria,
Gracilaria_tenuistipitata,Gracilaria,rank_8,Gracilaria_tenuistipitata,Root,nucleus,Eukaryota,Archaeplastida,Rhodophyta,Florideophyceae,Gracilariales,Gracilariales_X,Gracilaria,Gracilaria_tenuistipitata
Corallinales,Florideophyceae,rank_5,Corallinales,Root,nucleus,Eukaryota,Archaeplastida,Rhodophyta,Florideophyceae,Corallinales,,,
Corallinaceae,Corallinales,rank_6,Corallinaceae,Root,nucleus,Eukaryota,Archaeplastida,Rhodophyta,Florideophyceae,Corallinales,Corallinaceae,,
Calliarthron,Corallinaceae,rank_7,Calliarthron,Root,nucleus,Eukaryota,Archaeplastida,Rhodophyta,Florideophyceae,Corallinales,Corallinaceae,Calliarthron,
Calliarthron_tuberculosum,Calliarthron,rank_8,Calliarthron_tuberculosum,Root,nucleus,Eukaryota,Archaeplastida,Rhodophyta,Florideophyceae,Corallinales,Corallinaceae,Calliarthron,Calliarthron_tuberculosum
Hacrobia,Eukaryota,rank_2,Hacrobia,Root,nucleus,Eukaryota,Hacrobia,,,,,,
Cryptophyta,Hacrobia,rank_3,Cryptophyta,Root,nucleus,Eukaryota,Hacrobia,Cryptophyta,,,,,
Cryptophyceae,Cryptophyta,rank_4,Cryptophyceae,Root,nucleus,Eukaryota,Hacrobia,Cryptophyta,Cryptophyceae,,,,
Cryptomonadales,Cryptophyceae,rank_5,Cryptomonadales,Root,nucleus,Eukaryota,Hacrobia,Cryptophyta,Cryptophyceae,Cryptomonadales,,,
Cryptomonadales_X,Cryptomonadales,rank_6,Cryptomonadales_X,Root,nucleus,Eukaryota,Hacrobia,Cryptophyta,Cryptophyceae,Cryptomonadales,Cryptomonadales_X,,
Guillardia,Cryptomonadales_X,rank_7,Guillardia,Root,nucleus,Eukaryota,Hacrobia,Cryptophyta,Cryptophyceae,Cryptomonadales,Cryptomonadales_X,Guillardia,
Guillardia_theta,Guillardia,rank_8,Guillardia_theta,Root,nucleus,Eukaryota,Hacrobia,Cryptophyta,Cryptophyceae,Cryptomonadales,Cryptomonadales_X,Guillardia,Guillardia_theta
Phaeophyceae,Ochrophyta,rank_4,Phaeophyceae,Root,nucleus,Eukaryota,Stramenopiles,Ochrophyta,Phaeophyceae,,,,
Phaeophyceae_X,Phaeophyceae,rank_5,Phaeophyceae_X,Root,nucleus,Eukaryota,Stramenopiles,Ochrophyta,Phaeophyceae,Phaeophyceae_X,,,
Phaeophyceae_XX,Phaeophyceae_X,rank_6,Phaeophyceae_XX,Root,nucleus,Eukaryota,Stramenopiles,Ochrophyta,Phaeophyceae,Phaeophyceae_X,Phaeophyceae_XX,,
Fucus,Phaeophyceae_XX,rank_7,Fucus,Root,nucleus,Eukaryota,Stramenopiles,Ochrophyta,Phaeophyceae,Phaeophyceae_X,Phaeophyceae_XX,Fucus,
Fucus_vesiculosus,Fucus,rank_8,Fucus_vesiculosus,Root,nucleus,Eukaryota,Stramenopiles,Ochrophyta,Phaeophyceae,Phaeophyceae_X,Phaeophyceae_XX,Fucus,Fucus_vesiculosus
Chlorophyta,Archaeplastida,rank_3,Chlorophyta,Root,nucleus,Eukaryota,Archaeplastida,Chlorophyta,,,,,
Chlorophyceae,Chlorophyta,rank_4,Chlorophyceae,Root,nucleus,Eukaryota,Archaeplastida,Chlorophyta,Chlorophyceae,,,,
Chlamydomonadales,Chlorophyceae,rank_5,Chlamydomonadales,Root,nucleus,Eukaryota,Archaeplastida,Chlorophyta,Chlorophyceae,Chlamydomonadales,,,
Chlamydomonadales_X,Chlamydomonadales,rank_6,Chlamydomonadales_X,Root,nucleus,Eukaryota,Archaeplastida,Chlorophyta,Chlorophyceae,Chlamydomonadales,Chlamydomonadales_X,,
Chlamydomonas,Chlamydomonadales_X,rank_7,Chlamydomonas,Root,nucleus,Eukaryota,Archaeplastida,Chlorophyta,Chlorophyceae,Chlamydomonadales,Chlamydomonadales_X,Chlamydomonas,
Chlamydomonas_reinhardtii,Chlamydomonas,rank_8,Chlamydomonas_reinhardtii,Root,nucleus,Eukaryota,Archaeplastida,Chlorophyta,Chlorophyceae,Chlamydomonadales,Chlamydomonadales_X,Chlamydomonas,Chlamydomonas_reinhardtii
Mamiellophyceae,Chlorophyta,rank_4,Mamiellophyceae,Root,nucleus,Eukaryota,Archaeplastida,Chlorophyta,Mamiellophyceae,,,,
Monomastigales,Mamiellophyceae,rank_5,Monomastigales,Root,nucleus,Eukaryota,Archaeplastida,Chlorophyta,Mamiellophyceae,Monomastigales,,,
Monomastigaceae,Monomastigales,rank_6,Monomastigaceae,Root,nucleus,Eukaryota,Archaeplastida,Chlorophyta,Mamiellophyceae,Monomastigales,Monomastigaceae,,
Monomastix_sp.,Monomastigaceae,rank_7,Monomastix_sp.,Root,nucleus,Eukaryota,Archaeplastida,Chlorophyta,Mamiellophyceae,Monomastigales,Monomastigaceae,Monomastix_sp.,
Pedinellales,Dictyochophyceae_X,rank_6,Pedinellales,Root,nucleus,Eukaryota,Stramenopiles,Ochrophyta,Dictyochophyceae,Dictyochophyceae_X,Pedinellales,,
Pseudopedinella,Pedinellales,rank_7,Pseudopedinella,Root,nucleus,Eukaryota,Stramenopiles,Ochrophyta,Dictyochophyceae,Dictyochophyceae_X,Pedinellales,Pseudopedinella,
Pseudopedinella_elastica,Pseudopedinella,rank_8,Pseudopedinella_elastica,Root,nucleus,Eukaryota,Stramenopiles,Ochrophyta,Dictyochophyceae,Dictyochophyceae_X,Pedinellales,Pseudopedinella,Pseudopedinella_elastica
Alveolata,Eukaryota,rank_2,Alveolata,Root,nucleus,Eukaryota,Alveolata,,,,,,
Dinoflagellata,Alveolata,rank_3,Dinoflagellata,Root,nucleus,Eukaryota,Alveolata,Dinoflagellata,,,,,
Dinophyceae,Dinoflagellata,rank_4,Dinophyceae,Root,nucleus,Eukaryota,Alveolata,Dinoflagellata,Dinophyceae,,,,
Gonyaulacales,Dinophyceae,rank_5,Gonyaulacales,Root,nucleus,Eukaryota,Alveolata,Dinoflagellata,Dinophyceae,Gonyaulacales,,,
Gonyaulacaceae,Gonyaulacales,rank_6,Gonyaulacaceae,Root,nucleus,Eukaryota,Alveolata,Dinoflagellata,Dinophyceae,Gonyaulacales,Gonyaulacaceae,,
Lingulodinium,Gonyaulacaceae,rank_7,Lingulodinium,Root,nucleus,Eukaryota,Alveolata,Dinoflagellata,Dinophyceae,Gonyaulacales,Gonyaulacaceae,Lingulodinium,
Lingulodinium_polyedra,Lingulodinium,rank_8,Lingulodinium_polyedra,Root,nucleus,Eukaryota,Alveolata,Dinoflagellata,Dinophyceae,Gonyaulacales,Gonyaulacaceae,Lingulodinium,Lingulodinium_polyedra
Trebouxiophyceae,Chlorophyta,rank_4,Trebouxiophyceae,Root,nucleus,Eukaryota,Archaeplastida,Chlorophyta,Trebouxiophyceae,,,,
Chlorellales,Trebouxiophyceae,rank_5,Chlorellales,Root,nucleus,Eukaryota,Archaeplastida,Chlorophyta,Trebouxiophyceae,Chlorellales,,,
Chlorellales_X,Chlorellales,rank_6,Chlorellales_X,Root,nucleus,Eukaryota,Archaeplastida,Chlorophyta,Trebouxiophyceae,Chlorellales,Chlorellales_X,,
Chlorella,Chlorellales_X,rank_7,Chlorella,Root,nucleus,Eukaryota,Archaeplastida,Chlorophyta,Trebouxiophyceae,Chlorellales,Chlorellales_X,Chlorella,
Chlorella_vulgaris,Chlorella,rank_8,Chlorella_vulgaris,Root,nucleus,Eukaryota,Archaeplastida,Chlorophyta,Trebouxiophyceae,Chlorellales,Chlorellales_X,Chlorella,Chlorella_vulgaris
Eustigmatophyceae,Ochrophyta,rank_4,Eustigmatophyceae,Root,nucleus,Eukaryota,Stramenopiles,Ochrophyta,Eustigmatophyceae,,,,
Eustigmatophyceae_X,Eustigmatophyceae,rank_5,Eustigmatophyceae_X,Root,nucleus,Eukaryota,Stramenopiles,Ochrophyta,Eustigmatophyceae,Eustigmatophyceae_X,,,
Eustigmatophyceae_XX,Eustigmatophyceae_X,rank_6,Eustigmatophyceae_XX,Root,nucleus,Eukaryota,Stramenopiles,Ochrophyta,Eustigmatophyceae,Eustigmatophyceae_X,Eustigmatophyceae_XX,,
Trachydiscus,Eustigmatophyceae_XX,rank_7,Trachydiscus,Root,nucleus,Eukaryota,Stramenopiles,Ochrophyta,Eustigmatophyceae,Eustigmatophyceae_X,Eustigmatophyceae_XX,Trachydiscus,
Trachydiscus_minutus,Trachydiscus,rank_8,Trachydiscus_minutus,Root,nucleus,Eukaryota,Stramenopiles,Ochrophyta,Eustigmatophyceae,Eustigmatophyceae_X,Eustigmatophyceae_XX,Trachydiscus,Trachydiscus_minutus
Haptophyta,Hacrobia,rank_3,Haptophyta,Root,nucleus,Eukaryota,Hacrobia,Haptophyta,,,,,
Prymnesiophyceae,Haptophyta,rank_4,Prymnesiophyceae,Root,nucleus,Eukaryota,Hacrobia,Haptophyta,Prymnesiophyceae,,,,
Phaeocystales,Prymnesiophyceae,rank_5,Phaeocystales,Root,nucleus,Eukaryota,Hacrobia,Haptophyta,Prymnesiophyceae,Phaeocystales,,,
Phaeocystaceae,Phaeocystales,rank_6,Phaeocystaceae,Root,nucleus,Eukaryota,Hacrobia,Haptophyta,Prymnesiophyceae,Phaeocystales,Phaeocystaceae,,
Phaeocystis,Phaeocystaceae,rank_7,Phaeocystis,Root,nucleus,Eukaryota,Hacrobia,Haptophyta,Prymnesiophyceae,Phaeocystales,Phaeocystaceae,Phaeocystis,
Phaeocystis_antarctica,Phaeocystis,rank_8,Phaeocystis_antarctica,Root,nucleus,Eukaryota,Hacrobia,Haptophyta,Prymnesiophyceae,Phaeocystales,Phaeocystaceae,Phaeocystis,Phaeocystis_antarctica
Nannochloropsis,Eustigmatophyceae_XX,rank_7,Nannochloropsis,Root,nucleus,Eukaryota,Stramenopiles,Ochrophyta,Eustigmatophyceae,Eustigmatophyceae_X,Eustigmatophyceae_XX,Nannochloropsis,
Nannochloropsis_gaditana,Nannochloropsis,rank_8,Nannochloropsis_gaditana,Root,nucleus,Eukaryota,Stramenopiles,Ochrophyta,Eustigmatophyceae,Eustigmatophyceae_X,Eustigmatophyceae_XX,Nannochloropsis,Nannochloropsis_gaditana
Nephroselmidophyceae,Chlorophyta,rank_4,Nephroselmidophyceae,Root,nucleus,Eukaryota,Archaeplastida,Chlorophyta,Nephroselmidophyceae,,,,
Nephroselmidales,Nephroselmidophyceae,rank_5,Nephroselmidales,Root,nucleus,Eukaryota,Archaeplastida,Chlorophyta,Nephroselmidophyceae,Nephroselmidales,,,
Nephroselmidales_X,Nephroselmidales,rank_6,Nephroselmidales_X,Root,nucleus,Eukaryota,Archaeplastida,Chlorophyta,Nephroselmidophyceae,Nephroselmidales,Nephroselmidales_X,,
Nephroselmis,Nephroselmidales_X,rank_7,Nephroselmis,Root,nucleus,Eukaryota,Archaeplastida,Chlorophyta,Nephroselmidophyceae,Nephroselmidales,Nephroselmidales_X,Nephroselmis,
Nephroselmis_olivacea,Nephroselmis,rank_8,Nephroselmis_olivacea,Root,nucleus,Eukaryota,Archaeplastida,Chlorophyta,Nephroselmidophyceae,Nephroselmidales,Nephroselmidales_X,Nephroselmis,Nephroselmis_olivacea
Pavlovophyceae,Haptophyta,rank_4,Pavlovophyceae,Root,nucleus,Eukaryota,Hacrobia,Haptophyta,Pavlovophyceae,,,,
Pavlovales,Pavlovophyceae,rank_5,Pavlovales,Root,nucleus,Eukaryota,Hacrobia,Haptophyta,Pavlovophyceae,Pavlovales,,,
Pavlovaceae,Pavlovales,rank_6,Pavlovaceae,Root,nucleus,Eukaryota,Hacrobia,Haptophyta,Pavlovophyceae,Pavlovales,Pavlovaceae,,
Pavlova,Pavlovaceae,rank_7,Pavlova,Root,nucleus,Eukaryota,Hacrobia,Haptophyta,Pavlovophyceae,Pavlovales,Pavlovaceae,Pavlova,
Pavlova_lutheri,Pavlova,rank_8,Pavlova_lutheri,Root,nucleus,Eukaryota,Hacrobia,Haptophyta,Pavlovophyceae,Pavlovales,Pavlovaceae,Pavlova,Pavlova_lutheri
Saccharina,Phaeophyceae_XX,rank_7,Saccharina,Root,nucleus,Eukaryota,Stramenopiles,Ochrophyta,Phaeophyceae,Phaeophyceae_X,Phaeophyceae_XX,Saccharina,
Saccharina_japonica,Saccharina,rank_8,Saccharina_japonica,Root,nucleus,Eukaryota,Stramenopiles,Ochrophyta,Phaeophyceae,Phaeophyceae_X,Phaeophyceae_XX,Saccharina,Saccharina_japonica
Streptophyta,Archaeplastida,rank_3,Streptophyta,Root,nucleus,Eukaryota,Archaeplastida,Streptophyta,,,,,
Embryophyceae,Streptophyta,rank_4,Embryophyceae,Root,nucleus,Eukaryota,Archaeplastida,Streptophyta,Embryophyceae,,,,
Embryophyceae_X,Embryophyceae,rank_5,Embryophyceae_X,Root,nucleus,Eukaryota,Archaeplastida,Streptophyta,Embryophyceae,Embryophyceae_X,,,
Embryophyceae_XX,Embryophyceae_X,rank_6,Embryophyceae_XX,Root,nucleus,Eukaryota,Archaeplastida,Streptophyta,Embryophyceae,Embryophyceae_X,Embryophyceae_XX,,
Marchantia,Embryophyceae_XX,rank_7,Marchantia,Root,nucleus,Eukaryota,Archaeplastida,Streptophyta,Embryophyceae,Embryophyceae_X,Embryophyceae_XX,Marchantia,
Marchantia_polymorpha,Marchantia,rank_8,Marchantia_polymorpha,Root,nucleus,Eukaryota,Archaeplastida,Streptophyta,Embryophyceae,Embryophyceae_X,Embryophyceae_XX,Marchantia,Marchantia_polymorpha
Rhodomonas,Cryptomonadales_X,rank_7,Rhodomonas,Root,nucleus,Eukaryota,Hacrobia,Cryptophyta,Cryptophyceae,Cryptomonadales,Cryptomonadales_X,Rhodomonas,
Rhodomonas_salina,Rhodomonas,rank_8,Rhodomonas_salina,Root,nucleus,Eukaryota,Hacrobia,Cryptophyta,Cryptophyceae,Cryptomonadales,Cryptomonadales_X,Rhodomonas,Rhodomonas_salina
Nannochloropsis_oceanica,Nannochloropsis,rank_8,Nannochloropsis_oceanica,Root,nucleus,Eukaryota,Stramenopiles,Ochrophyta,Eustigmatophyceae,Eustigmatophyceae_X,Eustigmatophyceae_XX,Nannochloropsis,Nannochloropsis_oceanica
Porphyridiophyceae,Rhodophyta,rank_4,Porphyridiophyceae,Root,nucleus,Eukaryota,Archaeplastida,Rhodophyta,Porphyridiophyceae,,,,
Porphyridiales,Porphyridiophyceae,rank_5,Porphyridiales,Root,nucleus,Eukaryota,Archaeplastida,Rhodophyta,Porphyridiophyceae,Porphyridiales,,,
Porphyridiales_X,Porphyridiales,rank_6,Porphyridiales_X,Root,nucleus,Eukaryota,Archaeplastida,Rhodophyta,Porphyridiophyceae,Porphyridiales,Porphyridiales_X,,
Porphyridium,Porphyridiales_X,rank_7,Porphyridium,Root,nucleus,Eukaryota,Archaeplastida,Rhodophyta,Porphyridiophyceae,Porphyridiales,Porphyridiales_X,Porphyridium,
Porphyridium_purpureum,Porphyridium,rank_8,Porphyridium_purpureum,Root,nucleus,Eukaryota,Archaeplastida,Rhodophyta,Porphyridiophyceae,Porphyridiales,Porphyridiales_X,Porphyridium,Porphyridium_purpureum
Ectocarpus,Phaeophyceae_XX,rank_7,Ectocarpus,Root,nucleus,Eukaryota,Stramenopiles,Ochrophyta,Phaeophyceae,Phaeophyceae_X,Phaeophyceae_XX,Ectocarpus,
Ectocarpus_siliculosus,Ectocarpus,rank_8,Ectocarpus_siliculosus,Root,nucleus,Eukaryota,Stramenopiles,Ochrophyta,Phaeophyceae,Phaeophyceae_X,Phaeophyceae_XX,Ectocarpus,Ectocarpus_siliculosus
Pelagophyceae,Ochrophyta,rank_4,Pelagophyceae,Root,nucleus,Eukaryota,Stramenopiles,Ochrophyta,Pelagophyceae,,,,
Pelagomonadales,Pelagophyceae,rank_5,Pelagomonadales,Root,nucleus,Eukaryota,Stramenopiles,Ochrophyta,Pelagophyceae,Pelagomonadales,,,
Pelagomonadaceae,Pelagomonadales,rank_6,Pelagomonadaceae,Root,nucleus,Eukaryota,Stramenopiles,Ochrophyta,Pelagophyceae,Pelagomonadales,Pelagomonadaceae,,
Pelagomonas_sp.,Pelagomonadaceae,rank_7,Pelagomonas_sp.,Root,nucleus,Eukaryota,Stramenopiles,Ochrophyta,Pelagophyceae,Pelagomonadales,Pelagomonadaceae,Pelagomonas_sp.,
Bangiophyceae,Rhodophyta,rank_4,Bangiophyceae,Root,nucleus,Eukaryota,Archaeplastida,Rhodophyta,Bangiophyceae,,,,
Bangiales,Bangiophyceae,rank_5,Bangiales,Root,nucleus,Eukaryota,Archaeplastida,Rhodophyta,Bangiophyceae,Bangiales,,,
Bangiaceae,Bangiales,rank_6,Bangiaceae,Root,nucleus,Eukaryota,Archaeplastida,Rhodophyta,Bangiophyceae,Bangiales,Bangiaceae,,
Pyropia,Bangiaceae,rank_7,Pyropia,Root,nucleus,Eukaryota,Archaeplastida,Rhodophyta,Bangiophyceae,Bangiales,Bangiaceae,Pyropia,
Pyropia_yezoensis,Pyropia,rank_8,Pyropia_yezoensis,Root,nucleus,Eukaryota,Archaeplastida,Rhodophyta,Bangiophyceae,Bangiales,Bangiaceae,Pyropia,Pyropia_yezoensis
Xanthophyceae,Ochrophyta,rank_4,Xanthophyceae,Root,nucleus,Eukaryota,Stramenopiles,Ochrophyta,Xanthophyceae,,,,
Xanthophyceae_X,Xanthophyceae,rank_5,Xanthophyceae_X,Root,nucleus,Eukaryota,Stramenopiles,Ochrophyta,Xanthophyceae,Xanthophyceae_X,,,
Xanthophyceae_XX,Xanthophyceae_X,rank_6,Xanthophyceae_XX,Root,nucleus,Eukaryota,Stramenopiles,Ochrophyta,Xanthophyceae,Xanthophyceae_X,Xanthophyceae_XX,,
Vaucheria,Xanthophyceae_XX,rank_7,Vaucheria,Root,nucleus,Eukaryota,Stramenopiles,Ochrophyta,Xanthophyceae,Xanthophyceae_X,Xanthophyceae_XX,Vaucheria,
Vaucheria_litorea,Vaucheria,rank_8,Vaucheria_litorea,Root,nucleus,Eukaryota,Stramenopiles,Ochrophyta,Xanthophyceae,Xanthophyceae_X,Xanthophyceae_XX,Vaucheria,Vaucheria_litorea
Gymnodiniales,Dinophyceae,rank_5,Gymnodiniales,Root,nucleus,Eukaryota,Alveolata,Dinoflagellata,Dinophyceae,Gymnodiniales,,,
Gymnodiniaceae,Gymnodiniales,rank_6,Gymnodiniaceae,Root,nucleus,Eukaryota,Alveolata,Dinoflagellata,Dinophyceae,Gymnodiniales,Gymnodiniaceae,,
Amphidinium,Gymnodiniaceae,rank_7,Amphidinium,Root,nucleus,Eukaryota,Alveolata,Dinoflagellata,Dinophyceae,Gymnodiniales,Gymnodiniaceae,Amphidinium,
Amphidinium_carterae,Amphidinium,rank_8,Amphidinium_carterae,Root,nucleus,Eukaryota,Alveolata,Dinoflagellata,Dinophyceae,Gymnodiniales,Gymnodiniaceae,Amphidinium,Amphidinium_carterae
Aureococcus,Pelagomonadaceae,rank_7,Aureococcus,Root,nucleus,Eukaryota,Stramenopiles,Ochrophyta,Pelagophyceae,Pelagomonadales,Pelagomonadaceae,Aureococcus,
Aureococcus_anophagefferens,Aureococcus,rank_8,Aureococcus_anophagefferens,Root,nucleus,Eukaryota,Stramenopiles,Ochrophyta,Pelagophyceae,Pelagomonadales,Pelagomonadaceae,Aureococcus,Aureococcus_anophagefferens
Cyanidiales,Bangiophyceae,rank_5,Cyanidiales,Root,nucleus,Eukaryota,Archaeplastida,Rhodophyta,Bangiophyceae,Cyanidiales,,,
Cyanidiales_X,Cyanidiales,rank_6,Cyanidiales_X,Root,nucleus,Eukaryota,Archaeplastida,Rhodophyta,Bangiophyceae,Cyanidiales,Cyanidiales_X,,
Galdieria,Cyanidiales_X,rank_7,Galdieria,Root,nucleus,Eukaryota,Archaeplastida,Rhodophyta,Bangiophyceae,Cyanidiales,Cyanidiales_X,Galdieria,
Galdieria_sulphuraria,Galdieria,rank_8,Galdieria_sulphuraria,Root,nucleus,Eukaryota,Archaeplastida,Rhodophyta,Bangiophyceae,Cyanidiales,Cyanidiales_X,Galdieria,Galdieria_sulphuraria
Apicomplexa,Alveolata,rank_3,Apicomplexa,Root,nucleus,Eukaryota,Alveolata,Apicomplexa,,,,,
Colpodellidea,Apicomplexa,rank_4,Colpodellidea,Root,nucleus,Eukaryota,Alveolata,Apicomplexa,Colpodellidea,,,,
Colpodellida,Colpodellidea,rank_5,Colpodellida,Root,nucleus,Eukaryota,Alveolata,Apicomplexa,Colpodellidea,Colpodellida,,,
Chromeraceae,Colpodellida,rank_6,Chromeraceae,Root,nucleus,Eukaryota,Alveolata,Apicomplexa,Colpodellidea,Colpodellida,Chromeraceae,,
Chromera,Chromeraceae,rank_7,Chromera,Root,nucleus,Eukaryota,Alveolata,Apicomplexa,Colpodellidea,Colpodellida,Chromeraceae,Chromera,
Chromera_velia,Chromera,rank_8,Chromera_velia,Root,nucleus,Eukaryota,Alveolata,Apicomplexa,Colpodellidea,Colpodellida,Chromeraceae,Chromera,Chromera_velia
Glaucophyta,Archaeplastida,rank_3,Glaucophyta,Root,nucleus,Eukaryota,Archaeplastida,Glaucophyta,,,,,
Glaucocystophyceae,Glaucophyta,rank_4,Glaucocystophyceae,Root,nucleus,Eukaryota,Archaeplastida,Glaucophyta,Glaucocystophyceae,,,,
Glaucocystophytes,Glaucocystophyceae,rank_5,Glaucocystophytes,Root,nucleus,Eukaryota,Archaeplastida,Glaucophyta,Glaucocystophyceae,Glaucocystophytes,,,
Cyanophoraceae,Glaucocystophytes,rank_6,Cyanophoraceae,Root,nucleus,Eukaryota,Archaeplastida,Glaucophyta,Glaucocystophyceae,Glaucocystophytes,Cyanophoraceae,,
Cyanophora,Cyanophoraceae,rank_7,Cyanophora,Root,nucleus,Eukaryota,Archaeplastida,Glaucophyta,Glaucocystophyceae,Glaucocystophytes,Cyanophoraceae,Cyanophora,
Cyanophora_paradoxa,Cyanophora,rank_8,Cyanophora_paradoxa,Root,nucleus,Eukaryota,Archaeplastida,Glaucophyta,Glaucocystophyceae,Glaucocystophytes,Cyanophoraceae,Cyanophora,Cyanophora_paradoxa
Cyanidioschyzon,Cyanidiales_X,rank_7,Cyanidioschyzon,Root,nucleus,Eukaryota,Archaeplastida,Rhodophyta,Bangiophyceae,Cyanidiales,Cyanidiales_X,Cyanidioschyzon,
Cyanidioschyzon_merolae,Cyanidioschyzon,rank_8,Cyanidioschyzon_merolae,Root,nucleus,Eukaryota,Archaeplastida,Rhodophyta,Bangiophyceae,Cyanidiales,Cyanidiales_X,Cyanidioschyzon,Cyanidioschyzon_merolae
Charophyceae,Streptophyta,rank_4,Charophyceae,Root,nucleus,Eukaryota,Archaeplastida,Streptophyta,Charophyceae,,,,
Charophyceae_X,Charophyceae,rank_5,Charophyceae_X,Root,nucleus,Eukaryota,Archaeplastida,Streptophyta,Charophyceae,Charophyceae_X,,,
Charophyceae_XX,Charophyceae_X,rank_6,Charophyceae_XX,Root,nucleus,Eukaryota,Archaeplastida,Streptophyta,Charophyceae,Charophyceae_X,Charophyceae_XX,,
Chara,Charophyceae_XX,rank_7,Chara,Root,nucleus,Eukaryota,Archaeplastida,Streptophyta,Charophyceae,Charophyceae_X,Charophyceae_XX,Chara,
Chara_vulgaris,Chara,rank_8,Chara_vulgaris,Root,nucleus,Eukaryota,Archaeplastida,Streptophyta,Charophyceae,Charophyceae_X,Charophyceae_XX,Chara,Chara_vulgaris
Arabidopsis,Embryophyceae_XX,rank_7,Arabidopsis,Root,nucleus,Eukaryota,Archaeplastida,Streptophyta,Embryophyceae,Embryophyceae_X,Embryophyceae_XX,Arabidopsis,
Arabidopsis_thaliana,Arabidopsis,rank_8,Arabidopsis_thaliana,Root,nucleus,Eukaryota,Archaeplastida,Streptophyta,Embryophyceae,Embryophyceae_X,Embryophyceae_XX,Arabidopsis,Arabidopsis_thaliana
Zygnemophyceae,Streptophyta,rank_4,Zygnemophyceae,Root,nucleus,Eukaryota,Archaeplastida,Streptophyta,Zygnemophyceae,,,,
Zygnemophyceae_X,Zygnemophyceae,rank_5,Zygnemophyceae_X,Root,nucleus,Eukaryota,Archaeplastida,Streptophyta,Zygnemophyceae,Zygnemophyceae_X,,,
Zygnemophyceae_XX,Zygnemophyceae_X,rank_6,Zygnemophyceae_XX,Root,nucleus,Eukaryota,Archaeplastida,Streptophyta,Zygnemophyceae,Zygnemophyceae_X,Zygnemophyceae_XX,,
Chlorokybus,Zygnemophyceae_XX,rank_7,Chlorokybus,Root,nucleus,Eukaryota,Archaeplastida,Streptophyta,Zygnemophyceae,Zygnemophyceae_X,Zygnemophyceae_XX,Chlorokybus,
Chlorokybus_atmophyticus,Chlorokybus,rank_8,Chlorokybus_atmophyticus,Root,nucleus,Eukaryota,Archaeplastida,Streptophyta,Zygnemophyceae,Zygnemophyceae_X,Zygnemophyceae_XX,Chlorokybus,Chlorokybus_atmophyticus
Bacillariophyta,Ochrophyta,rank_4,Bacillariophyta,Root,nucleus,Eukaryota,Stramenopiles,Ochrophyta,Bacillariophyta,,,,
Bacillariophyta_X,Bacillariophyta,rank_5,Bacillariophyta_X,Root,nucleus,Eukaryota,Stramenopiles,Ochrophyta,Bacillariophyta,Bacillariophyta_X,,,
Raphid-pennate,Bacillariophyta_X,rank_6,Raphid-pennate,Root,nucleus,Eukaryota,Stramenopiles,Ochrophyta,Bacillariophyta,Bacillariophyta_X,Raphid-pennate,,
Fistulifera_sp.,Raphid-pennate,rank_7,Fistulifera_sp.,Root,nucleus,Eukaryota,Stramenopiles,Ochrophyta,Bacillariophyta,Bacillariophyta_X,Raphid-pennate,Fistulifera_sp.,
Vitrelladida,Colpodellidea,rank_5,Vitrelladida,Root,nucleus,Eukaryota,Alveolata,Apicomplexa,Colpodellidea,Vitrelladida,,,
Vitrellaceae,Vitrelladida,rank_6,Vitrellaceae,Root,nucleus,Eukaryota,Alveolata,Apicomplexa,Colpodellidea,Vitrelladida,Vitrellaceae,,
Vitrella,Vitrellaceae,rank_7,Vitrella,Root,nucleus,Eukaryota,Alveolata,Apicomplexa,Colpodellidea,Vitrelladida,Vitrellaceae,Vitrella,
Vitrella_brassicaformis,Vitrella,rank_8,Vitrella_brassicaformis,Root,nucleus,Eukaryota,Alveolata,Apicomplexa,Colpodellidea,Vitrelladida,Vitrellaceae,Vitrella,Vitrella_brassicaformis
Phaeodactylum,Raphid-pennate,rank_7,Phaeodactylum,Root,nucleus,Eukaryota,Stramenopiles,Ochrophyta,Bacillariophyta,Bacillariophyta_X,Raphid-pennate,Phaeodactylum,
Phaeodactylum_tricornutum,Phaeodactylum,rank_8,Phaeodactylum_tricornutum,Root,nucleus,Eukaryota,Stramenopiles,Ochrophyta,Bacillariophyta,Bacillariophyta_X,Raphid-pennate,Phaeodactylum,Phaeodactylum_tricornutum
Polar-centric-Mediophyceae,Bacillariophyta_X,rank_6,Polar-centric-Mediophyceae,Root,nucleus,Eukaryota,Stramenopiles,Ochrophyta,Bacillariophyta,Bacillariophyta_X,Polar-centric-Mediophyceae,,
Thalassiosira,Polar-centric-Mediophyceae,rank_7,Thalassiosira,Root,nucleus,Eukaryota,Stramenopiles,Ochrophyta,Bacillariophyta,Bacillariophyta_X,Polar-centric-Mediophyceae,Thalassiosira,
Thalassiosira_pseudonana,Thalassiosira,rank_8,Thalassiosira_pseudonana,Root,nucleus,Eukaryota,Stramenopiles,Ochrophyta,Bacillariophyta,Bacillariophyta_X,Polar-centric-Mediophyceae,Thalassiosira,Thalassiosira_pseudonana
Syntrichia,Embryophyceae_XX,rank_7,Syntrichia,Root,nucleus,Eukaryota,Archaeplastida,Streptophyta,Embryophyceae,Embryophyceae_X,Embryophyceae_XX,Syntrichia,
Syntrichia_ruralis,Syntrichia,rank_8,Syntrichia_ruralis,Root,nucleus,Eukaryota,Archaeplastida,Streptophyta,Embryophyceae,Embryophyceae_X,Embryophyceae_XX,Syntrichia,Syntrichia_ruralis
Mesostigmatophyceae,Streptophyta,rank_4,Mesostigmatophyceae,Root,nucleus,Eukaryota,Archaeplastida,Streptophyta,Mesostigmatophyceae,,,,
Mesostigmatophyceae_X,Mesostigmatophyceae,rank_5,Mesostigmatophyceae_X,Root,nucleus,Eukaryota,Archaeplastida,Streptophyta,Mesostigmatophyceae,Mesostigmatophyceae_X,,,
Mesostigmatophyceae_XX,Mesostigmatophyceae_X,rank_6,Mesostigmatophyceae_XX,Root,nucleus,Eukaryota,Archaeplastida,Streptophyta,Mesostigmatophyceae,Mesostigmatophyceae_X,Mesostigmatophyceae_XX,,
Mesostigma,Mesostigmatophyceae_XX,rank_7,Mesostigma,Root,nucleus,Eukaryota,Archaeplastida,Streptophyta,Mesostigmatophyceae,Mesostigmatophyceae_X,Mesostigmatophyceae_XX,Mesostigma,
Mesostigma_viride,Mesostigma,rank_8,Mesostigma_viride,Root,nucleus,Eukaryota,Archaeplastida,Streptophyta,Mesostigmatophyceae,Mesostigmatophyceae_X,Mesostigmatophyceae_XX,Mesostigma,Mesostigma_viride
Gigartinales,Florideophyceae,rank_5,Gigartinales,Root,nucleus,Eukaryota,Archaeplastida,Rhodophyta,Florideophyceae,Gigartinales,,,
Gigartinales_X,Gigartinales,rank_6,Gigartinales_X,Root,nucleus,Eukaryota,Archaeplastida,Rhodophyta,Florideophyceae,Gigartinales,Gigartinales_X,,
Chondrus,Gigartinales_X,rank_7,Chondrus,Root,nucleus,Eukaryota,Archaeplastida,Rhodophyta,Florideophyceae,Gigartinales,Gigartinales_X,Chondrus,
Chondrus_crispus,Chondrus,rank_8,Chondrus_crispus,Root,nucleus,Eukaryota,Archaeplastida,Rhodophyta,Florideophyceae,Gigartinales,Gigartinales_X,Chondrus,Chondrus_crispus
Cyanidium,Cyanidiales_X,rank_7,Cyanidium,Root,nucleus,Eukaryota,Archaeplastida,Rhodophyta,Bangiophyceae,Cyanidiales,Cyanidiales_X,Cyanidium,
Cyanidium_caldarium,Cyanidium,rank_8,Cyanidium_caldarium,Root,nucleus,Eukaryota,Archaeplastida,Rhodophyta,Bangiophyceae,Cyanidiales,Cyanidiales_X,Cyanidium,Cyanidium_caldarium
Isochrysidales,Prymnesiophyceae,rank_5,Isochrysidales,Root,nucleus,Eukaryota,Hacrobia,Haptophyta,Prymnesiophyceae,Isochrysidales,,,
Noelaerhabdaceae,Isochrysidales,rank_6,Noelaerhabdaceae,Root,nucleus,Eukaryota,Hacrobia,Haptophyta,Prymnesiophyceae,Isochrysidales,Noelaerhabdaceae,,
Emiliania,Noelaerhabdaceae,rank_7,Emiliania,Root,nucleus,Eukaryota,Hacrobia,Haptophyta,Prymnesiophyceae,Isochrysidales,Noelaerhabdaceae,Emiliania,
Emiliania_huxleyi,Emiliania,rank_8,Emiliania_huxleyi,Root,nucleus,Eukaryota,Hacrobia,Haptophyta,Prymnesiophyceae,Isochrysidales,Noelaerhabdaceae,Emiliania,Emiliania_huxleyi
Peridiniales,Dinophyceae,rank_5,Peridiniales,Root,nucleus,Eukaryota,Alveolata,Dinoflagellata,Dinophyceae,Peridiniales,,,
Kryptoperidiniaceae,Peridiniales,rank_6,Kryptoperidiniaceae,Root,nucleus,Eukaryota,Alveolata,Dinoflagellata,Dinophyceae,Peridiniales,Kryptoperidiniaceae,,
Durinskia,Kryptoperidiniaceae,rank_7,Durinskia,Root,nucleus,Eukaryota,Alveolata,Dinoflagellata,Dinophyceae,Peridiniales,Kryptoperidiniaceae,Durinskia,
Durinskia_baltica,Durinskia,rank_8,Durinskia_baltica,Root,nucleus,Eukaryota,Alveolata,Dinoflagellata,Dinophyceae,Peridiniales,Kryptoperidiniaceae,Durinskia,Durinskia_baltica
Sarcinochrysidales,Pelagophyceae,rank_5,Sarcinochrysidales,Root,nucleus,Eukaryota,Stramenopiles,Ochrophyta,Pelagophyceae,Sarcinochrysidales,,,
Sarcinochrysidaceae,Sarcinochrysidales,rank_6,Sarcinochrysidaceae,Root,nucleus,Eukaryota,Stramenopiles,Ochrophyta,Pelagophyceae,Sarcinochrysidales,Sarcinochrysidaceae,,
Aureoumbra,Sarcinochrysidaceae,rank_7,Aureoumbra,Root,nucleus,Eukaryota,Stramenopiles,Ochrophyta,Pelagophyceae,Sarcinochrysidales,Sarcinochrysidaceae,Aureoumbra,
Aureoumbra_lagunensis,Aureoumbra,rank_8,Aureoumbra_lagunensis,Root,nucleus,Eukaryota,Stramenopiles,Ochrophyta,Pelagophyceae,Sarcinochrysidales,Sarcinochrysidaceae,Aureoumbra,Aureoumbra_lagunensis
Odontella,Polar-centric-Mediophyceae,rank_7,Odontella,Root,nucleus,Eukaryota,Stramenopiles,Ochrophyta,Bacillariophyta,Bacillariophyta_X,Polar-centric-Mediophyceae,Odontella,
Odontella_sinensis,Odontella,rank_8,Odontella_sinensis,Root,nucleus,Eukaryota,Stramenopiles,Ochrophyta,Bacillariophyta,Bacillariophyta_X,Polar-centric-Mediophyceae,Odontella,Odontella_sinensis
Heterocapsaceae,Peridiniales,rank_6,Heterocapsaceae,Root,nucleus,Eukaryota,Alveolata,Dinoflagellata,Dinophyceae,Peridiniales,Heterocapsaceae,,
Heterocapsa,Heterocapsaceae,rank_7,Heterocapsa,Root,nucleus,Eukaryota,Alveolata,Dinoflagellata,Dinophyceae,Peridiniales,Heterocapsaceae,Heterocapsa,
Heterocapsa_triquetra,Heterocapsa,rank_8,Heterocapsa_triquetra,Root,nucleus,Eukaryota,Alveolata,Dinoflagellata,Dinophyceae,Peridiniales,Heterocapsaceae,Heterocapsa,Heterocapsa_triquetra
Porphyra,Bangiaceae,rank_7,Porphyra,Root,nucleus,Eukaryota,Archaeplastida,Rhodophyta,Bangiophyceae,Bangiales,Bangiaceae,Porphyra,
Porphyra_purpurea,Porphyra,rank_8,Porphyra_purpurea,Root,nucleus,Eukaryota,Archaeplastida,Rhodophyta,Bangiophyceae,Bangiales,Bangiaceae,Porphyra,Porphyra_purpurea
Fragilariopsis,Raphid-pennate,rank_7,Fragilariopsis,Root,nucleus,Eukaryota,Stramenopiles,Ochrophyta,Bacillariophyta,Bacillariophyta_X,Raphid-pennate,Fragilariopsis,
Fragilariopsis_cylindrus,Fragilariopsis,rank_8,Fragilariopsis_cylindrus,Root,nucleus,Eukaryota,Stramenopiles,Ochrophyta,Bacillariophyta,Bacillariophyta_X,Raphid-pennate,Fragilariopsis,Fragilariopsis_cylindrus
Kryptoperidinium,Kryptoperidiniaceae,rank_7,Kryptoperidinium,Root,nucleus,Eukaryota,Alveolata,Dinoflagellata,Dinophyceae,Peridiniales,Kryptoperidiniaceae,Kryptoperidinium,
Kryptoperidinium_foliaceum,Kryptoperidinium,rank_8,Kryptoperidinium_foliaceum,Root,nucleus,Eukaryota,Alveolata,Dinoflagellata,Dinophyceae,Peridiniales,Kryptoperidiniaceae,Kryptoperidinium,Kryptoperidinium_foliaceum
Pedinophyceae,Chlorophyta,rank_4,Pedinophyceae,Root,nucleus,Eukaryota,Archaeplastida,Chlorophyta,Pedinophyceae,,,,
Pedinomonadales,Pedinophyceae,rank_5,Pedinomonadales,Root,nucleus,Eukaryota,Archaeplastida,Chlorophyta,Pedinophyceae,Pedinomonadales,,,
Pedinomonadaceae,Pedinomonadales,rank_6,Pedinomonadaceae,Root,nucleus,Eukaryota,Archaeplastida,Chlorophyta,Pedinophyceae,Pedinomonadales,Pedinomonadaceae,,
Pedinomonas,Pedinomonadaceae,rank_7,Pedinomonas,Root,nucleus,Eukaryota,Archaeplastida,Chlorophyta,Pedinophyceae,Pedinomonadales,Pedinomonadaceae,Pedinomonas,
Pedinomonas_minor,Pedinomonas,rank_8,Pedinomonas_minor,Root,nucleus,Eukaryota,Archaeplastida,Chlorophyta,Pedinophyceae,Pedinomonadales,Pedinomonadaceae,Pedinomonas,Pedinomonas_minor
